<?xml version="1.0" encoding="UTF-8"?>
<!DOCTYPE mapper
  PUBLIC "-//mybatis.org//DTD Mapper 3.0//EN"
  "http://mybatis.org/dtd/mybatis-3-mapper.dtd">
<mapper namespace="com.ssafit.yus.model.dao.GroupInfoDao">
	<resultMap type="GroupInfo" id="GroupInfoMap">
		<result column="group_no" property="groupNo" />
		<result column="group_name" property="groupName" />
		<result column="group_point" property="groupPoint" />
		<result column="maximum_people" property="maximumPeople" />
		<result column="current_people" property="currentPeople" />
		<result column="user_id" property="userId" />
	</resultMap>
	<select id="selectAll" resultMap="GroupInfoMap">
		SELECT *
		FROM group_info
	</select>
	<select id="selectByGroupNo" parameterType="int" resultMap="GroupInfoMap">
		SELECT *
		FROM group_info
		WHERE group_no = #{groupNo}
	</select>
	<select id="selectMaxGroupNo" resultType="int">
		SELECT MAX(group_no)
		FROM group_info
	</select>
	<insert id="InsertGroupInfo" parameterType="GroupInfo">
		INSERT INTO group_info(group_name, maximum_people, user_id)
		VALUES(#{groupName}, #{maximumPeople}, #{userId})
	</insert>
	<update id="updateCurrentPeople" parameterType="GroupInfo">
		UPDATE group_info
		SET
		current_people = current_people + 1
		WHERE group_no = #{groupNo}
	</update>
	<update id="updateGroupPoint" parameterType="GroupInfo">
		UPDATE group_info
		SET
		group_point = group_point + #{groupPoint}
		WHERE group_no = #{groupNo}
	</update>
	<update id="updateGroupInfo" parameterType="GroupInfo">
		UPDATE group_info
		SET
		group_name = #{groupName},
		maximum_people = #{maximumPeople}
		WHERE group_no = #{groupNo}
	</update>
	<delete id="deleteGroup" parameterType="GroupInfo">
		DELETE FROM group_info
		WHERE group_no = #{groupNo}
	</delete>
</mapper>