<?xml version="1.0" encoding="UTF-8"?>
<!DOCTYPE mapper
  PUBLIC "-//mybatis.org//DTD Mapper 3.0//EN"
  "http://mybatis.org/dtd/mybatis-3-mapper.dtd">
<mapper namespace="com.ssafit.yus.model.dao.MealCommDao">
	<resultMap type="MealComm" id="MealCommMap">
		<result column="comm_index" property="commIndex" />
		<result column="class_no" property="classNo" />
		<result column="comm" property="comm" />
		<result column="order_no" property="orderNo" />
		<result column="comm_group" property="commGroup" />
		<result column="post_no" property="postNo" />
		<result column="user_id" property="userId" />
		<result column="reg_date" property="regDate" />
	</resultMap>
	<select id="selectMaxCommIndex" resultType="int">
		SELECT MAX(comm_index) AS MaxCommIndex
		FROM meal_comm
	</select>
	<select id="selectByPostNo" resultMap="MealCommMap" parameterType="int">
		SELECT *
		FROM meal_comm
		WHERE post_no = #{postNo}
	</select>
	<select id="selectByCommindex" resultMap="MealCommMap" parameterType="int">
		SELECT *
		FROM meal_comm
		WHERE comm_index = #{commIndex}
	</select>
	<insert id="InsertMealComm" parameterType="MealComm">
		INSERT INTO meal_comm(class_no, comm, order_no, comm_group, post_no, user_id)
		VALUES (#{classNo}, #{comm}, #{orderNo}, #{commGroup}, #{postNo}, #{userId})
	</insert>
	<delete id="deleteByCommIndex" parameterType="int">
		DELETE FROM meal_comm
		WHERE comm_index = #{commIndex}
	</delete>
	<update id="updateForDelete" parameterType="MealComm">
		UPDATE meal_comm
		SET
		comm = #{comm},
		user_id = #{user_id}
		WHERE comm_index = #{commIndex}
	</update>
	<update id="updateByCommIndex" parameterType="MealComm">
		UPDATE meal_comm
		SET comm = #{comm}
		WHERE comm_index = #{commIndex}
	</update>
</mapper>