<?xml version="1.0" encoding="UTF-8"?>
<!DOCTYPE mapper
  PUBLIC "-//mybatis.org//DTD Mapper 3.0//EN"
  "http://mybatis.org/dtd/mybatis-3-mapper.dtd">
<mapper namespace="com.ssafit.yus.model.dao.RoutineInfoDao">
	<resultMap type="RoutineInfo" id="RoutineInfoMap">
		<result column="routine_no" property="routineNo" />
		<result column="user_id" property="userId" />
		<result column="view_cnt" property="viewCnt" />
		<result column="reg_date" property="regDate" />
		<result column="title" property="title" />
		<result column="content" property="content" />
	</resultMap>
	<select id="selectAll" resultMap="RoutineInfoMap">
		SELECT *
		FROM routine_info
	</select>
	<select id="selectByRoutineNo" parameterType="int" resultMap="RoutineInfoMap">
		SELECT *
		FROM routine_info
		WHERE routine_no = #{routineNo}
	</select>
	<select id="selectMaxRoutineNo" resultType="int">
		SELECT MAX(routine_no)
		FROM routine_info
	</select>
	<insert id="insertRoutineInfo" parameterType="RoutineInfo">
		INSERT INTO routine_info(user_id, title, content)
		VALUES (#{userId}, #{title}, #{content})
	</insert>
	<update id="updateViewCnt" parameterType="int">
		UPDATE routine_info
		SET view_cnt = view_cnt + 1
		WHERE routine_no = #{routineNo}
	</update>
</mapper>