<?xml version="1.0" encoding="UTF-8"?>
<!DOCTYPE mapper
  PUBLIC "-//mybatis.org//DTD Mapper 3.0//EN"
  "http://mybatis.org/dtd/mybatis-3-mapper.dtd">
<mapper namespace="com.ssafit.yus.model.dao.UserInfoDao">
	<resultMap type="UserInfo" id="UserInfoMap">
		<result column="user_id" property="userId" />
		<result column="user_password" property="userPassword" />
		<result column="weight" property="weight" />
		<result column="height" property="height" />
		<result column="age" property="age" />
		<result column="gender" property="gender" />
		<result column="gym_name" property="gymName" />
		<result column="filepath" property="filepath" />
		<result column="purpose" property="purpose" />
		<result column="group_no" property="groupNo" />
		<result column="user_point" property="userPoint" />
	</resultMap>
	<select id="selectUserInfo" resultMap="UserInfoMap" parameterType="String">
		SELECT *
		FROM user_info
		WHERE user_id = #{id}
	</select>
	<insert id="insertUserInfo" parameterType="UserInfo">
		INSERT INTO user_info(user_id, user_password, weight, height, age, gender, gym_name, filepath, purpose, user_point)
		VALUES (#{userId}, #{userPassword}, #{weight}, #{height}, #{age}, #{gender}, #{gymName}, #{filepath}, #{purpose}, #{userPoint})
	</insert>
	<update id="updateUserInfo" parameterType="UserInfo">
		UPDATE user_info
		SET
		weight = #{weight},
		height = #{height},
		age = #{age},
		gym_name = #{gymName},
		purpose = #{purpose},
		filepath = #{filepath}
		WHERE user_id = #{userId}
	</update>
	<update id="updateUserPoint" parameterType="UserInfo">
		UPDATE user_info
		SET
		user_point = user_point + #{userPoint}
		WHERE user_id = #{userId}
	</update>
	<update id="updateUserGroup" parameterType="UserInfo">
		UPDATE user_info
		SET
		group_no = #{groupNo},
		WHERE user_id = #{userId}
	</update>
	<delete id="deleteUserInfo" parameterType="String">
		DELETE FROM user_info
		WHERE user_id = #{id}
	</delete>
	<select id="selectByGroupNo" parameterType="int" resultMap="UserInfoMap">
		SELECT *
		FROM user_info
		WHERE group_no = #{groupNo}
	</select>
</mapper>