<?xml version="1.0" encoding="UTF-8"?>
<!DOCTYPE mapper
  PUBLIC "-//mybatis.org//DTD Mapper 3.0//EN"
  "http://mybatis.org/dtd/mybatis-3-mapper.dtd">
<mapper namespace="com.ssafit.yus.model.dao.YoutubeLikedDao">
	<resultMap type="YoutubeLiked" id="YoutubeLikedMap">
		<result column="id" property="id" />
		<result column="user_id" property="userId" />
		<result column="video_id" property="videoId" />
	</resultMap>
	<select id="countLikedByVideoId" resultType="int" parameterType="String">
		SELECT COUNT(*) AS count
		FROM youtube_liked
		WHERE video_id = #{videoId} 
	</select>
	<select id="selectByIds" resultMap="YoutubeLikedMap" parameterType="YoutubeLiked">
		SELECT *
		FROM youtube_liked
		WHERE video_id = #{videoId} and user_id = #{userId} 
	</select>
	<insert id="insertYoutubeLiked" parameterType="YoutubeLiked">
		INSERT INTO youtube_liked(user_id, video_id)
		VALUES (#{userId}, #{videoId})
	</insert>
	<delete id="deleteByIds" parameterType="YoutubeLiked">
		DELETE FROM youtube_liked
		WHERE video_id = #{videoId} and user_id = #{userId} 
	</delete>
</mapper>